id,first_name,last_name,email,address
1,Janessa,Savaage,jsavaage0@mashable.com,578 8th Park
2,Lonnie,Render,lrender1@blogger.com,211 Twin Pines Court
3,Niel,Kermannes,nkermannes2@adobe.com,060 Charing Cross Point
4,Ira,McGettigan,imcgettigan3@huffingtonpost.com,865 Sage Place
5,Sharity,Mixter,smixter4@hp.com,4 Bashford Alley
6,Shermie,Lashley,slashley5@barnesandnoble.com,869 Briar Crest Crossing
7,Ardys,Thirlwall,athirlwall6@prweb.com,85 Victoria Junction
8,Arne,Maccari,amaccari7@sciencedirect.com,08 Artisan Park
9,Beck,McCole,bmccole8@wisc.edu,46 Mallard Circle
10,Sonnie,Pervew,spervew9@sourceforge.net,6 La Follette Junction
11,Karlik,Brazer,kbrazera@theguardian.com,427 Butterfield Terrace
12,Clarita,Bartke,cbartkeb@zimbio.com,7268 Valley Edge Pass
13,Quentin,Caughan,qcaughanc@sciencedaily.com,2 Jackson Hill
14,Marigold,Easterling,measterlingd@netscape.com,8 Almo Center
15,Rawley,Friatt,rfriatte@nature.com,89046 Kipling Parkway
16,Hilde,Simeoli,hsimeolif@desdev.cn,0206 Old Shore Drive
17,Elvyn,Delia,edeliag@bluehost.com,96102 Basil Court
18,Royce,Knights,rknightsh@privacy.gov.au,3 Claremont Road
19,Pier,Behan,pbehani@over-blog.com,026 Carey Court
20,Rickie,Drought,rdroughtj@irs.gov,0 Ilene Alley
21,Cesar,Niave,cniavek@cloudflare.com,43 Crowley Pass
22,Floris,Buist,fbuistl@mayoclinic.com,5 Warbler Place
23,Berkie,Eytel,beytelm@unc.edu,631 Lyons Trail
24,Sharlene,Orsi,sorsin@china.com.cn,07 Kensington Place
25,Dalton,Rizon,drizono@ihg.com,01 Stang Center
26,Leshia,Sampey,lsampeyp@sphinn.com,19404 Debs Place
27,Roz,Pauletto,rpaulettoq@hp.com,35850 Sloan Avenue
28,Estele,Jodrellec,ejodrellecr@cdc.gov,154 Warner Court
29,Hatty,Shird,hshirds@hibu.com,055 Schmedeman Court
30,Ingrid,Claessens,iclaessenst@ox.ac.uk,9169 Carberry Plaza
31,Angela,Tomasoni,atomasoniu@xing.com,220 Browning Way
32,Fonzie,Goldhawk,fgoldhawkv@howstuffworks.com,5260 Annamark Plaza
33,Keary,Druhan,kdruhanw@timesonline.co.uk,1 Butternut Parkway
34,Leland,Bilovus,lbilovusx@ibm.com,503 Fulton Alley
35,Avie,Tomasik,atomasiky@nbcnews.com,00 Gulseth Terrace
36,Lorri,Vakhlov,lvakhlovz@google.ru,0 Sheridan Drive
37,Alisa,Lindfors,alindfors10@xinhuanet.com,8 Lakeland Drive
38,Eugenie,Tissell,etissell11@shutterfly.com,631 Dorton Circle
39,Dominik,O'Hern,dohern12@cnbc.com,889 Hovde Place
40,Carissa,Jermey,cjermey13@ycombinator.com,13 Bayside Trail
41,Lyndel,Nockalls,lnockalls14@squidoo.com,48 Armistice Plaza
42,Royce,Duffett,rduffett15@reverbnation.com,5955 Hagan Crossing
43,Barbabas,Dollen,bdollen16@webmd.com,68673 Golf Course Avenue
44,Marinna,Rayne,mrayne17@123-reg.co.uk,64041 Shelley Junction
45,Quintilla,Britton,qbritton18@adobe.com,73864 Amoth Hill
46,Lenna,Batrip,lbatrip19@example.com,16 Hooker Point
47,Alfy,Fronczak,afronczak1a@salon.com,37 Columbus Road
48,Zachary,Shewring,zshewring1b@hexun.com,2 Messerschmidt Parkway
49,Philis,Rackstraw,prackstraw1c@dailymotion.com,4 Vahlen Lane
50,Salvidor,Boribal,sboribal1d@gmpg.org,1716 Golf Course Terrace
51,Birch,Obee,bobee1e@fastcompany.com,59 Maple Wood Alley
52,Nils,Robberecht,nrobberecht1f@cnet.com,611 Fair Oaks Parkway
53,Charyl,Aland,caland1g@forbes.com,3 Susan Place
54,Felicle,Oxborrow,foxborrow1h@51.la,52870 Riverside Terrace
55,Randell,Brader,rbrader1i@howstuffworks.com,21327 Huxley Junction
56,Nanon,Base,nbase1j@goodreads.com,8 Sauthoff Place
57,Silvia,Ashelford,sashelford1k@privacy.gov.au,911 Pennsylvania Crossing
58,Winne,Wicher,wwicher1l@360.cn,58614 Kensington Court
59,Zaccaria,Chatten,zchatten1m@plala.or.jp,868 Mccormick Trail
60,Early,Authers,eauthers1n@wikispaces.com,4 Grayhawk Parkway
61,Faun,Vakhlov,fvakhlov1o@marriott.com,40623 Cascade Circle
62,Ly,Laverock,llaverock1p@digg.com,89414 Lakewood Alley
63,Katrinka,Lyles,klyles1q@example.com,717 Ridgeview Circle
64,Carlee,Lilley,clilley1r@mozilla.org,84 Mifflin Street
65,Stepha,Blasik,sblasik1s@acquirethisname.com,901 Elka Road
66,Alyda,Townby,atownby1t@cnet.com,5109 Shopko Pass
67,Ingunna,McCartan,imccartan1u@diigo.com,302 Express Avenue
68,Caria,Norledge,cnorledge1v@cloudflare.com,11915 Sherman Park
69,Lil,Detoc,ldetoc1w@amazon.co.jp,718 Ridgeview Street
70,Kelly,McMullen,kmcmullen1x@people.com.cn,130 Village Green Court
71,Ansell,Dommerque,adommerque1y@mozilla.org,76592 Melvin Alley
72,Farrel,Delos,fdelos1z@stumbleupon.com,5 Hoffman Point
73,Berton,Glyne,bglyne20@purevolume.com,9 American Ash Circle
74,Stoddard,Lawrance,slawrance21@exblog.jp,196 Riverside Avenue
75,Charmane,Ferriby,cferriby22@redcross.org,85749 Cherokee Street
76,Vera,Bilt,vbilt23@hugedomains.com,4 Golden Leaf Pass
77,Aldo,Edgecumbe,aedgecumbe24@statcounter.com,5 Lakeland Crossing
78,Zabrina,Woodcraft,zwoodcraft25@pbs.org,89 Sachs Street
79,Windy,Depper,wdepper26@goodreads.com,5 Onsgard Street
80,Guillemette,Emerson,gemerson27@sbwire.com,25 Corry Terrace
81,Lida,Aspey,laspey28@wikia.com,01 Melrose Trail
82,Kelbee,Start,kstart29@arizona.edu,889 Nancy Junction
83,Jedediah,Di Giorgio,jdigiorgio2a@blogger.com,936 Maywood Avenue
84,Tibold,Claibourn,tclaibourn2b@guardian.co.uk,94517 Sutherland Avenue
85,Thornton,Rounce,trounce2c@businessinsider.com,137 Florence Place
86,Parry,Hounsham,phounsham2d@mtv.com,5555 Stuart Crossing
87,Katrinka,Hebron,khebron2e@hibu.com,5004 Prairie Rose Point
88,Corey,Iashvili,ciashvili2f@aboutads.info,841 Fairview Junction
89,Erl,Lankham,elankham2g@businessinsider.com,8 Glendale Drive
90,Haley,Baversor,hbaversor2h@shareasale.com,8 Grayhawk Trail
91,Antonio,Gorries,agorries2i@google.es,930 Glacier Hill Road
92,Trace,Bauer,tbauer2j@dell.com,767 Graceland Road
93,Maurise,Poluzzi,mpoluzzi2k@intel.com,985 Hanover Lane
94,Kerrill,Armsden,karmsden2l@unesco.org,39 Walton Terrace
95,Brier,Lillford,blillford2m@addthis.com,3 Shasta Terrace
96,Patsy,Spileman,pspileman2n@pbs.org,98196 Coolidge Drive
97,Aggi,Dimberline,adimberline2o@bbb.org,801 David Trail
98,Aurelie,Giorgini,agiorgini2p@arizona.edu,623 Warbler Junction
99,Barris,Angliss,bangliss2q@istockphoto.com,959 Melby Park
100,Floria,Pringell,fpringell2r@surveymonkey.com,317 North Crossing
101,Abigael,Lewsy,alewsy2s@seattletimes.com,48 Lindbergh Plaza
102,Griff,Gligori,ggligori2t@scientificamerican.com,4 John Wall Place
103,Laurens,Amber,lamber2u@etsy.com,15 Bellgrove Hill
104,Anallese,Blaxland,ablaxland2v@nydailynews.com,423 Continental Park
105,Nickolai,Speenden,nspeenden2w@yellowbook.com,1 Ilene Avenue
106,Nestor,Ayars,nayars2x@netlog.com,85428 Briar Crest Way
107,Braden,Hugonneau,bhugonneau2y@home.pl,47919 Butterfield Road
108,Orly,Hayto,ohayto2z@shareasale.com,20 Hallows Circle
109,Rudie,Slevin,rslevin30@admin.ch,075 Lotheville Junction
110,Jeffrey,Wind,jwind31@reverbnation.com,390 Magdeline Terrace
111,Rebekkah,Quinevan,rquinevan32@geocities.com,57 Westport Pass
112,Maire,Peirazzi,mpeirazzi33@last.fm,11099 Coleman Trail
113,Arte,Porkiss,aporkiss34@noaa.gov,6462 Mcguire Hill
114,Wylma,Storch,wstorch35@harvard.edu,1088 Loeprich Place
115,Maris,Trawin,mtrawin36@cafepress.com,85859 New Castle Lane
116,Jodi,Isenor,jisenor37@dell.com,439 Del Sol Place
117,Ashil,Pettegree,apettegree38@freewebs.com,687 Village Green Court
118,Jacklyn,Saunter,jsaunter39@nhs.uk,0 Harper Park
119,Claybourne,Johnsson,cjohnsson3a@marketwatch.com,2802 Randy Way
120,Portia,Gouldthorp,pgouldthorp3b@simplemachines.org,5900 Bunker Hill Street
121,Rozalie,Hales,rhales3c@bravesites.com,0495 Division Plaza
122,Orland,Sollars,osollars3d@webs.com,1396 Monument Circle
123,Ciel,Jedrych,cjedrych3e@mediafire.com,38 Brickson Park Alley
124,Leese,Ciciotti,lciciotti3f@cpanel.net,57528 Oneill Pass
125,Tyrus,Bardey,tbardey3g@un.org,0639 Merrick Park
126,Britni,Van De Cappelle,bvandecappelle3h@privacy.gov.au,537 Hayes Park
127,Kaja,Snodin,ksnodin3i@instagram.com,7 Rieder Lane
128,Haleigh,Ferriman,hferriman3j@google.it,1 Sloan Alley
129,Palm,Brockway,pbrockway3k@instagram.com,2583 Bellgrove Trail
130,Liz,Sarjent,lsarjent3l@mail.ru,0164 Union Court
131,Tedi,Murricanes,tmurricanes3m@walmart.com,2 South Park
132,Gregg,Gaish,ggaish3n@army.mil,31684 Forest Dale Place
133,Alysia,Synnott,asynnott3o@reference.com,00 Westport Park
134,Rurik,McElane,rmcelane3p@wiley.com,87301 Michigan Avenue
135,Shepard,Battey,sbattey3q@sciencedirect.com,2 Texas Center
136,Von,Woodstock,vwoodstock3r@mapquest.com,9028 Esch Avenue
137,Betsy,Bulger,bbulger3s@mapquest.com,5 Kenwood Circle
138,Nadine,Duckering,nduckering3t@alexa.com,736 Norway Maple Street
139,Emera,Mannooch,emannooch3u@free.fr,5681 School Crossing
140,Otha,Tiffany,otiffany3v@cyberchimps.com,6 Havey Way
141,Delores,Durber,ddurber3w@nydailynews.com,438 Eagan Alley
142,Brooks,McEnery,bmcenery3x@blogtalkradio.com,404 Vera Pass
143,Benji,Rosthorn,brosthorn3y@amazon.de,920 Vermont Alley
144,Silvester,Kearle,skearle3z@printfriendly.com,6987 Bartillon Court
145,Bridget,Alves,balves40@123-reg.co.uk,989 Kennedy Court
146,Jacobo,Alger,jalger41@is.gd,7 Grover Trail
147,Maximilianus,Cayette,mcayette42@theglobeandmail.com,8307 Judy Junction
148,Natassia,Huskinson,nhuskinson43@163.com,89 Northfield Avenue
149,Berty,Hiers,bhiers44@dell.com,401 Monterey Street
150,Nikkie,Biggadike,nbiggadike45@phoca.cz,5 Declaration Pass
151,Corie,Lynock,clynock46@timesonline.co.uk,300 Monterey Drive
152,Sherwin,Scardifeild,sscardifeild47@ask.com,87 Alpine Street
153,Lorens,Bastin,lbastin48@4shared.com,2464 Green Ridge Road
154,Meade,Ivory,mivory49@bluehost.com,4 Waubesa Parkway
155,Ramsey,Stopforth,rstopforth4a@eepurl.com,82 Westend Junction
156,Elizabet,Mauditt,emauditt4b@ocn.ne.jp,969 Valley Edge Court
157,Filide,Geard,fgeard4c@dmoz.org,4 Dakota Pass
158,Kalinda,Rannigan,krannigan4d@desdev.cn,9 Shopko Park
159,Genna,Kinnach,gkinnach4e@usgs.gov,88 Marcy Park
160,Kanya,Reace,kreace4f@blinklist.com,2818 Roxbury Road
161,Randy,Dowdam,rdowdam4g@canalblog.com,333 Johnson Court
162,Allie,Littlejohn,alittlejohn4h@auda.org.au,261 Carioca Trail
163,Pru,Naptine,pnaptine4i@google.com,2369 Mosinee Pass
164,Emalia,Woodward,ewoodward4j@google.nl,8756 Merchant Terrace
165,Levy,Prestney,lprestney4k@bing.com,9 Fieldstone Junction
166,Shermie,Tesche,stesche4l@marketwatch.com,85472 Cottonwood Center
167,Hallie,Beams,hbeams4m@drupal.org,989 Onsgard Trail
168,Gaby,Honniebal,ghonniebal4n@sphinn.com,30 Hansons Trail
169,Evangelina,Lowsely,elowsely4o@sun.com,8 Grover Pass
170,Tracy,Haylett,thaylett4p@ezinearticles.com,0 Northland Lane
171,Nolana,Cassidy,ncassidy4q@mac.com,6044 Chive Pass
172,Ignace,Loosely,iloosely4r@issuu.com,436 Drewry Junction
173,Alvin,Elce,aelce4s@mayoclinic.com,337 Farragut Plaza
174,Gigi,Taffs,gtaffs4t@google.nl,2 Porter Center
175,Aloysius,Boost,aboost4u@studiopress.com,16497 Bobwhite Place
176,Agnese,Brabben,abrabben4v@paypal.com,22088 Graceland Park
177,Vasily,Padfield,vpadfield4w@google.cn,60 Reinke Circle
178,Andros,Snowball,asnowball4x@amazon.co.jp,74573 Roxbury Plaza
179,Orelia,Sommerville,osommerville4y@dion.ne.jp,83 Forest Avenue
180,Gillie,Crush,gcrush4z@yellowpages.com,41241 Declaration Point
181,Mufi,Sherbourne,msherbourne50@noaa.gov,16843 Warner Court
182,Fidel,Wombwell,fwombwell51@un.org,3400 Fairfield Lane
183,Ruby,Beiderbecke,rbeiderbecke52@cnn.com,71497 Del Sol Parkway
184,Kearney,Housiaux,khousiaux53@china.com.cn,7 Onsgard Way
185,Edythe,Amaya,eamaya54@miibeian.gov.cn,6020 Farwell Drive
186,Stefania,Haughton,shaughton55@omniture.com,17046 Stephen Pass
187,Joya,Dunford,jdunford56@fotki.com,7924 Elgar Center
188,Lynett,Convery,lconvery57@psu.edu,885 Dapin Crossing
189,Gayla,Perez,gperez58@cam.ac.uk,652 Bunting Court
190,Josephina,Mellanby,jmellanby59@google.co.jp,4 Mandrake Pass
191,Gale,Sumption,gsumption5a@netvibes.com,3 Cascade Court
192,Tybalt,Faucherand,tfaucherand5b@godaddy.com,70977 Melby Trail
193,Warner,Hember,whember5c@technorati.com,3200 Fair Oaks Avenue
194,Leicester,Rymour,lrymour5d@vk.com,2 Golden Leaf Place
195,Kassie,Winslow,kwinslow5e@accuweather.com,12709 Rigney Drive
196,Tabbie,Kehoe,tkehoe5f@sogou.com,57303 Union Trail
197,Gena,Gresly,ggresly5g@smugmug.com,600 Chinook Parkway
198,Walliw,Roches,wroches5h@hud.gov,8973 Bartillon Pass
199,Auroora,Menier,amenier5i@ovh.net,94650 Maywood Junction
200,Thelma,Files,tfiles5j@marriott.com,903 Morning Circle
201,Elvina,McGreil,emcgreil5k@google.com.hk,13774 Stoughton Street
202,Lou,Charer,lcharer5l@merriam-webster.com,05 Fieldstone Drive
203,Cassondra,Delgadillo,cdelgadillo5m@answers.com,4 Ronald Regan Lane
204,Katuscha,Points,kpoints5n@etsy.com,12542 Roxbury Place
205,Melva,Crat,mcrat5o@cornell.edu,2 Golf Course Avenue
206,Elmira,Foyster,efoyster5p@newsvine.com,35895 Summer Ridge Road
207,Allissa,Mountain,amountain5q@histats.com,37 Londonderry Way
208,Merrili,Messer,mmesser5r@cafepress.com,7 Burning Wood Circle
209,Tracey,Ronisch,tronisch5s@vk.com,05 Dexter Court
210,Germaine,Edginton,gedginton5t@google.es,66723 Shopko Center
211,Robbi,Poundford,rpoundford5u@wired.com,5 Shelley Terrace
212,Renata,Read,rread5v@vkontakte.ru,93606 Stone Corner Point
213,Alvie,Concannon,aconcannon5w@mozilla.com,45 Rutledge Parkway
214,Darell,Dumbrill,ddumbrill5x@prlog.org,82 Rowland Road
215,Melosa,Camosso,mcamosso5y@gov.uk,0467 Elmside Avenue
216,Vasili,Auld,vauld5z@php.net,9 Twin Pines Center
217,Townie,Dubose,tdubose60@webs.com,8 Blue Bill Park Terrace
218,Josselyn,Hadcock,jhadcock61@google.ca,1 Comanche Parkway
219,Reinhard,Rowston,rrowston62@flickr.com,5 Cordelia Road
220,Genevieve,Spencers,gspencers63@dion.ne.jp,3 Fuller Point
221,Kessia,Rough,krough64@europa.eu,5214 Schiller Center
222,Nertie,Cooke,ncooke65@wufoo.com,888 Gerald Place
223,Paige,Harriman,pharriman66@deviantart.com,438 Forest Court
224,Kinsley,Beavers,kbeavers67@hugedomains.com,158 Kropf Pass
225,Borden,Capenor,bcapenor68@printfriendly.com,4 Summerview Terrace
226,Mordecai,Cella,mcella69@hc360.com,54356 Crescent Oaks Alley
227,Rosco,Gabits,rgabits6a@soundcloud.com,282 Pine View Lane
228,Chantalle,Hertwell,chertwell6b@techcrunch.com,34 Gina Center
229,Elle,Alibone,ealibone6c@loc.gov,0406 Glacier Hill Hill
230,Greg,Shelsher,gshelsher6d@nytimes.com,8 Talisman Court
231,Hadleigh,Thurley,hthurley6e@patch.com,744 Hoepker Trail
232,Ketti,Eddolls,keddolls6f@g.co,8565 Mayer Junction
233,Sybil,Bothams,sbothams6g@altervista.org,695 Tony Way
234,Mal,Ashbrook,mashbrook6h@patch.com,1216 Mesta Road
235,Vallie,Meany,vmeany6i@wufoo.com,55566 Claremont Park
236,Base,Aaronson,baaronson6j@shutterfly.com,7 Morrow Place
237,Ber,Brugh,bbrugh6k@japanpost.jp,4516 Lien Parkway
238,Burt,Gallen,bgallen6l@liveinternet.ru,90 Esker Circle
239,Abba,Elloy,aelloy6m@pagesperso-orange.fr,73703 Riverside Parkway
240,Remy,Bradneck,rbradneck6n@ted.com,203 Del Sol Trail
241,Judith,O'Hoolahan,johoolahan6o@chicagotribune.com,1755 Glacier Hill Point
242,Neal,Balcombe,nbalcombe6p@wired.com,7 Division Court
243,Ellis,Sebert,esebert6q@bloomberg.com,4437 Fieldstone Street
244,Libbi,Edmands,ledmands6r@webnode.com,01388 Onsgard Court
245,Zena,Grabeham,zgrabeham6s@blog.com,301 Manufacturers Trail
246,Andra,Ramalho,aramalho6t@joomla.org,7 Westridge Lane
247,Angeli,Casel,acasel6u@purevolume.com,2 Fulton Pass
248,Ferrell,McIlreavy,fmcilreavy6v@engadget.com,6 Fair Oaks Street
249,Susie,Foottit,sfoottit6w@slashdot.org,329 Prairie Rose Trail
250,Tarrance,Cuff,tcuff6x@un.org,3157 Union Street
251,Elva,Holgan,eholgan6y@ox.ac.uk,496 Columbus Plaza
252,Nananne,Jevons,njevons6z@omniture.com,30400 Lake View Place
253,Catlee,Kidwell,ckidwell70@usa.gov,56761 Morrow Crossing
254,Winona,Bage,wbage71@mtv.com,50502 Jenna Junction
255,Archambault,Clutton,aclutton72@kickstarter.com,363 Mcbride Court
256,Jerald,Slayny,jslayny73@pen.io,0700 Hauk Pass
257,Marietta,Barlee,mbarlee74@ycombinator.com,00090 3rd Trail
258,Bird,Yarnold,byarnold75@parallels.com,250 Lakeland Trail
259,Delmor,Halbord,dhalbord76@ycombinator.com,419 Barnett Way
260,Nicole,Loins,nloins77@amazon.de,44902 Portage Trail
261,Haskell,Davitt,hdavitt78@nifty.com,25898 Loeprich Court
262,Gladi,Lewsey,glewsey79@google.de,6153 Corry Circle
263,Joelly,Czaja,jczaja7a@vimeo.com,5 Crescent Oaks Alley
264,Betti,Sijmons,bsijmons7b@posterous.com,21589 Elka Court
265,Dorothea,Scorey,dscorey7c@europa.eu,4589 Acker Plaza
266,Quincey,Allgood,qallgood7d@spiegel.de,18 Bonner Drive
267,Elfreda,Brand-Hardy,ebrandhardy7e@last.fm,6 Green Ridge Park
268,Thacher,Jubert,tjubert7f@newsvine.com,04945 Aberg Way
269,Herrick,Pietruszka,hpietruszka7g@stanford.edu,28779 Manley Pass
270,Melissa,Jamary,mjamary7h@ezinearticles.com,2 Pankratz Road
271,Arabele,Cardus,acardus7i@blogtalkradio.com,66 Bartelt Park
272,Berkie,Twyning,btwyning7j@boston.com,889 Sundown Drive
273,Ashby,McColl,amccoll7k@ftc.gov,34823 Hayes Street
274,Katey,Carne,kcarne7l@istockphoto.com,0861 Fieldstone Way
275,Giustina,Merredy,gmerredy7m@lycos.com,16 Summerview Avenue
276,Corene,Spurdens,cspurdens7n@un.org,62 Elka Court
277,Nap,Hammett,nhammett7o@irs.gov,2 Pennsylvania Crossing
278,Tootsie,Reith,treith7p@pen.io,9 Claremont Parkway
279,Rosalie,Copcott,rcopcott7q@youku.com,099 Garrison Crossing
280,Eugenius,Belson,ebelson7r@icio.us,83 West Street
281,Shana,Wharram,swharram7s@msu.edu,450 Moland Road
282,Bobbette,Lawrey,blawrey7t@msn.com,55497 Donald Crossing
283,Jade,Freak,jfreak7u@unblog.fr,8 Nevada Crossing
284,Tallie,Ovitts,tovitts7v@netvibes.com,028 Delaware Parkway
285,Sam,Gionettitti,sgionettitti7w@skype.com,268 Hoffman Road
286,Reynold,Swanwick,rswanwick7x@economist.com,4523 Mallory Hill
287,Cosette,Hoult,choult7y@webeden.co.uk,7402 Hintze Park
288,Bren,Sebley,bsebley7z@freewebs.com,8 Linden Way
289,Errick,Abbey,eabbey80@squarespace.com,6415 Laurel Hill
290,Timmie,Anear,tanear81@hatena.ne.jp,6907 Macpherson Drive
291,Kris,Reitenbach,kreitenbach82@jimdo.com,243 Rowland Drive
292,Dorene,Luby,dluby83@mapy.cz,92643 Transport Place
293,Gwen,Crowcher,gcrowcher84@ebay.co.uk,0309 Kings Street
294,Renate,Nicklinson,rnicklinson85@macromedia.com,48 Clyde Gallagher Center
295,Celesta,Meuse,cmeuse86@google.ca,553 Fairfield Court
296,Horten,Pulteneye,hpulteneye87@walmart.com,735 Crest Line Avenue
297,Tam,Ashenhurst,tashenhurst88@ifeng.com,33 Walton Parkway
298,Zelma,Matzaitis,zmatzaitis89@imdb.com,1447 Prentice Alley
299,Desirae,Matyukon,dmatyukon8a@pcworld.com,08191 Vera Parkway
300,Nydia,Mundow,nmundow8b@free.fr,77 Portage Court
301,Virginie,Sharpin,vsharpin8c@reddit.com,9 Bartillon Park
302,Cinda,Woolam,cwoolam8d@comsenz.com,3349 Spohn Way
303,Milly,Adamik,madamik8e@wordpress.com,86 Parkside Way
304,Asa,Danell,adanell8f@google.nl,735 Ronald Regan Drive
305,Josephine,Rowlatt,jrowlatt8g@de.vu,323 Pearson Pass
306,Minna,Bradder,mbradder8h@smh.com.au,536 Johnson Plaza
307,Bar,Haycox,bhaycox8i@tinyurl.com,595 Loomis Way
308,Jerome,Le Estut,jleestut8j@nhs.uk,281 Elmside Park
309,Sibyl,Fautley,sfautley8k@trellian.com,514 Thierer Avenue
310,Stanislaus,Tsarovic,stsarovic8l@ucla.edu,882 Golf Circle
311,Nerti,Osgarby,nosgarby8m@i2i.jp,579 Rockefeller Junction
312,Tobi,Acklands,tacklands8n@kickstarter.com,95 Fairview Drive
313,Jeannine,Waylen,jwaylen8o@nymag.com,604 Heath Street
314,Kristen,Fishburn,kfishburn8p@nbcnews.com,53384 Grasskamp Road
315,Giffie,Coppock.,gcoppock8q@apache.org,610 Messerschmidt Way
316,Saloma,Rittelmeyer,srittelmeyer8r@newsvine.com,2230 Eastwood Trail
317,Artemis,Colman,acolman8s@g.co,154 Portage Trail
318,Karlis,Suttaby,ksuttaby8t@chicagotribune.com,21279 Troy Street
319,Douglass,Tanby,dtanby8u@wikia.com,53 Crest Line Place
320,Caty,Iron,ciron8v@wufoo.com,6 Maple Wood Terrace
321,Jerome,Roomes,jroomes8w@noaa.gov,7200 Jana Way
322,Ethelin,Garard,egarard8x@mapquest.com,322 Boyd Alley
323,Meridith,Kayzer,mkayzer8y@nasa.gov,13941 Colorado Plaza
324,Ilene,Ormonde,iormonde8z@shop-pro.jp,3 Forster Park
325,Elinore,Bellchamber,ebellchamber90@nba.com,02270 Dwight Parkway
326,Eb,Nanelli,enanelli91@printfriendly.com,417 Jackson Junction
327,Garland,Simkin,gsimkin92@marriott.com,46161 Tennyson Crossing
328,Gwenni,Nunnerley,gnunnerley93@omniture.com,4634 Independence Circle
329,Alwyn,Attril,aattril94@fastcompany.com,8165 Northridge Place
330,Allyn,Dowey,adowey95@parallels.com,8809 Westerfield Way
331,Briggs,Dukelow,bdukelow96@networkadvertising.org,66780 Del Sol Pass
332,Nadiya,Broszkiewicz,nbroszkiewicz97@wix.com,07 Hermina Pass
333,Ynes,Trobridge,ytrobridge98@nba.com,893 Shelley Avenue
334,Grenville,McGinty,gmcginty99@taobao.com,123 Logan Park
335,Agnes,Annear,aannear9a@newyorker.com,0 Atwood Trail
336,Alejandra,Delicate,adelicate9b@go.com,683 Chive Street
337,Rab,Blacklock,rblacklock9c@ustream.tv,7 Schlimgen Plaza
338,Codi,Ewin,cewin9d@marriott.com,2660 Russell Crossing
339,Evelyn,McGiffin,emcgiffin9e@walmart.com,4 Onsgard Alley
340,Sharai,Tuerena,stuerena9f@plala.or.jp,483 Waubesa Hill
341,Anatola,Sporle,asporle9g@goo.ne.jp,2 Grim Lane
342,Burtie,Jereatt,bjereatt9h@omniture.com,25902 Sutherland Pass
343,Emmalyn,McCaig,emccaig9i@theglobeandmail.com,6157 Bobwhite Place
344,Louisette,Cesconi,lcesconi9j@comcast.net,2 Eagle Crest Trail
345,Merry,Pidduck,mpidduck9k@irs.gov,58247 Lukken Park
346,Jerry,Doleman,jdoleman9l@arstechnica.com,5543 Debs Place
347,Clayborn,Rainforth,crainforth9m@friendfeed.com,767 Arapahoe Alley
348,Wright,Di Biaggi,wdibiaggi9n@google.es,8 Huxley Park
349,Bryon,Chevin,bchevin9o@xrea.com,05304 North Avenue
350,Elwin,Koppel,ekoppel9p@blogspot.com,54304 Amoth Center
351,Augie,Kesby,akesby9q@hexun.com,8 Summerview Lane
352,Antonin,Stout,astout9r@wikia.com,12 Eagle Crest Place
353,Derron,Allport,dallport9s@smugmug.com,147 Loftsgordon Pass
354,Fidole,Addicote,faddicote9t@aol.com,709 Hallows Avenue
355,Gaile,Crowcum,gcrowcum9u@imgur.com,8115 Shasta Pass
356,Emlyn,Hugill,ehugill9v@macromedia.com,186 Vernon Circle
357,Colly,Lorkins,clorkins9w@multiply.com,60961 Comanche Alley
358,Cynthy,McGreay,cmcgreay9x@jugem.jp,028 Butternut Hill
359,Nara,Crippin,ncrippin9y@epa.gov,5 Westerfield Trail
360,Ferguson,Cattenach,fcattenach9z@surveymonkey.com,39660 Merchant Lane
361,Giacomo,Bradbury,gbradburya0@delicious.com,09 Truax Lane
362,Madison,Kobpal,mkobpala1@omniture.com,2 Corry Court
363,Florinda,Ilive,filivea2@aol.com,3288 Anniversary Drive
364,Starlin,Karby,skarbya3@livejournal.com,843 Meadow Valley Parkway
365,Shaylah,Gostick,sgosticka4@ocn.ne.jp,8219 Cascade Center
366,Aprilette,Frend,afrenda5@opensource.org,90310 Chive Junction
367,Amalee,Martinovsky,amartinovskya6@cbslocal.com,670 Haas Road
368,Patrica,Palphramand,ppalphramanda7@cnn.com,56 Pine View Pass
369,Sileas,Basten,sbastena8@hud.gov,9 Bayside Plaza
370,Rory,Towl,rtowla9@sakura.ne.jp,1963 Armistice Center
371,Audrie,Loveday,alovedayaa@yellowpages.com,385 Main Junction
372,Bevvy,Pentelo,bpenteloab@blogtalkradio.com,0194 Susan Drive
373,Deanne,Jollands,djollandsac@hhs.gov,833 Stang Alley
374,Nikki,Egginson,negginsonad@dailymotion.com,9927 Bowman Trail
375,Alfy,Officer,aofficerae@theguardian.com,1934 Maple Way
376,Dina,Bauld,dbauldaf@facebook.com,06194 Fairview Circle
377,Gaylord,Mouse,gmouseag@virginia.edu,0893 Marquette Crossing
378,Andriana,Hamsley,ahamsleyah@ycombinator.com,75 Barnett Parkway
379,Weylin,Halhead,whalheadai@networksolutions.com,2 Stephen Avenue
380,Ema,Fisby,efisbyaj@independent.co.uk,40 Vernon Place
381,Normand,Kellett,nkellettak@unc.edu,44328 Glacier Hill Drive
382,Darrin,Cutmere,dcutmereal@dedecms.com,851 Lillian Court
383,Doroteya,Erbe,derbeam@ibm.com,98 Vahlen Junction
384,Derrek,Cartan,dcartanan@globo.com,29 Lighthouse Bay Drive
385,Fanchon,Raith,fraithao@diigo.com,081 Grayhawk Pass
386,Roosevelt,Bastick,rbastickap@thetimes.co.uk,3326 Colorado Way
387,Lucius,Gronaver,lgronaveraq@uol.com.br,45 Gale Park
388,Rosabel,Shyram,rshyramar@google.it,56 Russell Lane
389,Jaclin,Icom,jicomas@bravesites.com,6536 Pearson Hill
390,Anet,Laughlan,alaughlanat@java.com,3263 Atwood Street
391,Marietta,De Lasci,mdelasciau@google.es,04 Continental Point
392,Dirk,By,dbyav@cnet.com,378 Melvin Road
393,Conrad,Arr,carraw@upenn.edu,486 Mitchell Lane
394,Dot,Krystof,dkrystofax@wikia.com,31 Nova Avenue
395,Cacilia,Foresight,cforesightay@dagondesign.com,049 Melody Place
396,Antonia,Fourcade,afourcadeaz@merriam-webster.com,2 Becker Avenue
397,Hughie,Whiscard,hwhiscardb0@t-online.de,38129 Ilene Junction
398,Corrie,Shelly,cshellyb1@webmd.com,0181 Granby Point
399,Jayme,Falks,jfalksb2@xrea.com,819 Dexter Center
400,Adler,McRae,amcraeb3@reddit.com,2 Kipling Street
401,Kaylee,MacAlpin,kmacalpinb4@state.tx.us,9562 Shopko Road
402,Chicky,Scranedge,cscranedgeb5@myspace.com,7 Arrowood Terrace
403,Selinda,Burfield,sburfieldb6@bloomberg.com,9736 Waxwing Street
404,Kirsten,Plitz,kplitzb7@com.com,6916 Hoepker Avenue
405,Kaine,Hardie,khardieb8@addtoany.com,5449 Monterey Lane
406,Thain,Kolodziejski,tkolodziejskib9@usatoday.com,6 Badeau Court
407,Anna-diana,Ling,alingba@ning.com,016 Eliot Street
408,Timmy,Meindl,tmeindlbb@linkedin.com,385 Nova Drive
409,Kassandra,Skilling,kskillingbc@1688.com,4103 Havey Trail
410,Xenia,Slay,xslaybd@hatena.ne.jp,23 Mallory Place
411,Stesha,Melody,smelodybe@dell.com,0 Longview Plaza
412,Niles,Murdy,nmurdybf@twitter.com,31 Sherman Plaza
413,Anthia,MacCleay,amaccleaybg@ocn.ne.jp,10 Orin Circle
414,Aguistin,Lackington,alackingtonbh@marketwatch.com,00 Stephen Drive
415,Arron,Butchers,abutchersbi@amazon.com,190 Alpine Pass
416,Ediva,Aird,eairdbj@lulu.com,87106 Forest Run Parkway
417,Joly,Maddrah,jmaddrahbk@google.co.uk,69 Vahlen Center
418,Anita,Work,aworkbl@mysql.com,67 Ridgeview Crossing
419,Northrop,Botham,nbothambm@cloudflare.com,3 Bultman Hill
420,Saidee,Breeds,sbreedsbn@craigslist.org,2463 New Castle Alley
421,Darleen,Downing,ddowningbo@facebook.com,347 Aberg Way
422,Berna,Budding,bbuddingbp@addthis.com,373 Longview Trail
423,Joel,Gresley,jgresleybq@stanford.edu,7 Lillian Crossing
424,Barbey,Yurmanovev,byurmanovevbr@loc.gov,26 Graceland Lane
425,Madlin,McOwen,mmcowenbs@aol.com,5472 Butternut Circle
426,Michele,Parlet,mparletbt@bluehost.com,5150 Homewood Park
427,Mylo,Banford,mbanfordbu@dmoz.org,64031 Superior Drive
428,Kristi,Gosling,kgoslingbv@omniture.com,85 Marcy Way
429,Indira,Gittens,igittensbw@dion.ne.jp,4 Truax Pass
430,Shirlee,Silbersak,ssilbersakbx@ask.com,23 Drewry Parkway
431,Sara-ann,Lindhe,slindheby@furl.net,44169 Hauk Terrace
432,Bridgette,Penley,bpenleybz@blogspot.com,469 Little Fleur Place
433,Marc,Letrange,mletrangec0@patch.com,0 Basil Way
434,Benyamin,Garton,bgartonc1@xrea.com,21845 Kingsford Alley
435,Meryl,Goodbairn,mgoodbairnc2@tiny.cc,800 Hauk Center
436,Tallie,Klarzynski,tklarzynskic3@fc2.com,7 Summit Park
437,Parke,Measham,pmeashamc4@geocities.jp,6 Northwestern Pass
438,Layton,Scapens,lscapensc5@weather.com,6 Carberry Way
439,Ailey,Beckford,abeckfordc6@parallels.com,66620 Vera Drive
440,Hoebart,Wanden,hwandenc7@shareasale.com,801 Grim Parkway
441,Andy,Naptin,anaptinc8@google.com.hk,47 Melody Terrace
442,Kati,Buxcy,kbuxcyc9@yandex.ru,86 Arizona Parkway
443,Franky,Sambell,fsambellca@blogger.com,3907 Banding Park
444,Bogey,Jacquemy,bjacquemycb@yolasite.com,1549 Loomis Terrace
445,Nell,Sharple,nsharplecc@whitehouse.gov,253 Norway Maple Way
446,Cosmo,Dodsworth,cdodsworthcd@rediff.com,619 Schiller Avenue
447,Harri,Tewkesbury.,htewkesburyce@4shared.com,0513 Independence Drive
448,Kattie,Dadley,kdadleycf@storify.com,96402 Welch Circle
449,Cora,Fergusson,cfergussoncg@trellian.com,721 Cherokee Junction
450,Oren,Masser,omasserch@dmoz.org,89 Mcguire Drive
451,Gabrila,Ianniello,giannielloci@yale.edu,8 Blue Bill Park Junction
452,Der,Chaster,dchastercj@sohu.com,82 Ruskin Alley
453,Marshal,McCurry,mmccurryck@engadget.com,209 Norway Maple Circle
454,Idaline,Galliard,igalliardcl@nbcnews.com,364 Mendota Parkway
455,Jaquith,Grinston,jgrinstoncm@qq.com,931 Shoshone Way
456,Nikoletta,Bosomworth,nbosomworthcn@independent.co.uk,96131 Rockefeller Way
457,Elmo,Whelpton,ewhelptonco@businessinsider.com,26333 Ridgeview Point
458,Vidovik,Whitehurst,vwhitehurstcp@timesonline.co.uk,74 Orin Alley
459,Daniela,Stubbes,dstubbescq@php.net,36 Eastlawn Hill
460,Francois,Fantonetti,ffantonetticr@bing.com,2016 Crownhardt Circle
461,Cobb,Beldham,cbeldhamcs@ihg.com,3901 Roxbury Hill
462,Theresita,Dubique,tdubiquect@goodreads.com,4 Amoth Point
463,Sharona,Abbets,sabbetscu@yahoo.co.jp,8 Katie Terrace
464,Robert,Boole,rboolecv@wikipedia.org,14 Bultman Pass
465,Angeline,Muro,amurocw@aol.com,83 Porter Crossing
466,Ignace,Hague,ihaguecx@goo.gl,2 Texas Street
467,Irene,Baack,ibaackcy@ftc.gov,53 Moose Junction
468,Carolin,Stoeck,cstoeckcz@google.it,9011 Cottonwood Parkway
469,Jae,Foucard,jfoucardd0@barnesandnoble.com,14 Southridge Plaza
470,Marlee,Christon,mchristond1@dagondesign.com,6 Manley Point
471,Edd,Krysztofowicz,ekrysztofowiczd2@examiner.com,59056 1st Drive
472,Richie,Glazyer,rglazyerd3@gnu.org,2 Fuller Park
473,Marc,Jowle,mjowled4@friendfeed.com,05 Leroy Avenue
474,Skipp,Gillebride,sgillebrided5@google.ca,19898 Jana Street
475,Karlen,Dun,kdund6@bizjournals.com,04817 Esch Junction
476,Sonia,Carmel,scarmeld7@xing.com,521 Loftsgordon Way
477,Charo,Packer,cpackerd8@163.com,3851 Waywood Circle
478,Innis,Weymouth,iweymouthd9@washingtonpost.com,9 Pond Crossing
479,Laurice,Croneen,lcroneenda@e-recht24.de,0 Rowland Drive
480,Abdul,Kleis,akleisdb@google.cn,42772 Heffernan Pass
481,Caterina,Tweedie,ctweediedc@pbs.org,6481 Magdeline Trail
482,Milt,Hutson,mhutsondd@globo.com,15 Arkansas Park
483,Jobyna,Ludgate,jludgatede@shutterfly.com,7 Buell Road
484,Zonda,Brahms,zbrahmsdf@dmoz.org,0 Arapahoe Circle
485,Karlie,Chevolleau,kchevolleaudg@businessinsider.com,7383 Veith Crossing
486,Trixy,Ghilardini,tghilardinidh@geocities.com,21718 Eastwood Crossing
487,Elfrieda,Devitt,edevittdi@uiuc.edu,0968 Lukken Crossing
488,Nicolle,Mountain,nmountaindj@blogtalkradio.com,4726 Bowman Plaza
489,Jessie,Havoc,jhavocdk@4shared.com,6 Hanson Drive
490,Ninette,Mc Elory,nmcelorydl@dailymail.co.uk,37694 Summer Ridge Center
491,Jerrie,Keyte,jkeytedm@newyorker.com,0092 Arrowood Street
492,Joseito,Harrema,jharremadn@foxnews.com,8 Dexter Center
493,Aundrea,Mathison,amathisondo@myspace.com,2509 Sundown Circle
494,Kare,Calf,kcalfdp@ameblo.jp,65618 Declaration Alley
495,Willamina,Ganter,wganterdq@earthlink.net,2174 Fallview Plaza
496,Vyky,Robison,vrobisondr@admin.ch,3298 7th Court
497,Maxy,Andre,mandreds@state.tx.us,85778 Helena Road
498,Kristen,Connachan,kconnachandt@alibaba.com,8 Green Road
499,Flemming,Byrth,fbyrthdu@cbc.ca,3 Moulton Center
500,Arlyn,De Filippi,adefilippidv@gnu.org,9 Bobwhite Plaza
501,Jada,Malenfant,jmalenfantdw@cmu.edu,37 Summit Trail
502,Shayne,Mycroft,smycroftdx@smugmug.com,919 Butterfield Point
503,Sheri,Killeley,skilleleydy@gravatar.com,66069 Wayridge Hill
504,Aldon,Champkins,achampkinsdz@quantcast.com,911 Novick Court
505,Brittney,Brookwell,bbrookwelle0@virginia.edu,827 Scofield Junction
506,Garrot,Frany,gfranye1@army.mil,2977 International Terrace
507,Harwell,Jesteco,hjestecoe2@apache.org,3811 Mockingbird Junction
508,Wilbert,Baddeley,wbaddeleye3@blogspot.com,6 Milwaukee Terrace
509,Sandie,Dondon,sdondone4@list-manage.com,5 Oneill Pass
510,Estrellita,Kerner,ekernere5@facebook.com,56974 Magdeline Court
511,Far,Farragher,ffarraghere6@phpbb.com,01914 Ruskin Point
512,Dulsea,Riddlesden,driddlesdene7@google.es,1581 Dryden Circle
513,Thom,Blanpein,tblanpeine8@ustream.tv,11599 Algoma Pass
514,Leicester,Batey,lbateye9@va.gov,0 Mcguire Street
515,Barton,Terron,bterronea@china.com.cn,7 Pearson Hill
516,Florian,Dax,fdaxeb@walmart.com,13394 Westport Street
517,Kaila,Rawlings,krawlingsec@time.com,78872 Emmet Avenue
518,Franzen,Standidge,fstandidgeed@google.ru,499 Valley Edge Trail
519,Daniele,Wilder,dwilderee@stanford.edu,5327 Arapahoe Terrace
520,Toinette,Terrazzo,tterrazzoef@wsj.com,6195 Main Way
521,Gordy,Scoggan,gscogganeg@cam.ac.uk,93 Shelley Trail
522,Sarena,Axe,saxeeh@dailymotion.com,11 Corry Drive
523,Ellerey,Perford,eperfordei@google.com.au,97063 Stoughton Court
524,Pyotr,Hollingdale,phollingdaleej@smugmug.com,17 Rutledge Pass
525,Mickie,Primmer,mprimmerek@go.com,1181 Old Gate Drive
526,Levi,Philippson,lphilippsonel@vistaprint.com,255 Bunting Way
527,Thane,Fearfull,tfearfullem@miitbeian.gov.cn,8363 Iowa Place
528,Olin,Narracott,onarracotten@posterous.com,8 Steensland Terrace
529,Leora,Dudden,lduddeneo@chicagotribune.com,84 Debra Alley
530,Randie,O'Beirne,robeirneep@intel.com,85092 Waywood Terrace
531,Riane,Rumens,rrumenseq@deliciousdays.com,3336 Fairview Trail
532,Fletch,Bett,fbetter@webmd.com,680 Washington Park
533,Morgen,Layton,mlaytones@cocolog-nifty.com,71068 Anthes Hill
534,Brew,Hasslocher,bhasslocheret@studiopress.com,1651 Little Fleur Hill
535,Andrej,Roskell,aroskelleu@weibo.com,6 Butternut Circle
536,Neila,Brazier,nbrazierev@usgs.gov,1360 Old Shore Alley
537,Rey,Tudge,rtudgeew@berkeley.edu,6125 Knutson Place
538,Pegeen,Maunsell,pmaunsellex@walmart.com,78455 Hanson Park
539,Rosetta,Swanton,rswantoney@amazon.de,0 Sutteridge Street
540,Rosalynd,Huxter,rhuxterez@woothemes.com,55 Shoshone Court
541,Teodoor,Boothroyd,tboothroydf0@booking.com,02 Dixon Road
542,Tildi,Prendiville,tprendivillef1@woothemes.com,17 Gateway Street
543,Codi,Aked,cakedf2@soup.io,84 Forest Dale Point
544,Gwyneth,Peacher,gpeacherf3@pagesperso-orange.fr,049 Mcguire Trail
545,Merrilee,Boycott,mboycottf4@deviantart.com,1 Paget Drive
546,Jenn,Carbert,jcarbertf5@deviantart.com,10 Bluestem Hill
547,Rasla,Saunter,rsaunterf6@quantcast.com,6 Grasskamp Way
548,Ira,Walcot,iwalcotf7@slate.com,100 Dixon Terrace
549,Darby,Wombwell,dwombwellf8@washingtonpost.com,94 La Follette Drive
550,Sven,Mc Caughan,smccaughanf9@last.fm,45162 Sage Park
551,Chrisse,Tellesson,ctellessonfa@opera.com,894 Blackbird Alley
552,Lexine,Norcliffe,lnorcliffefb@usnews.com,59 Luster Alley
553,Sharona,Starsmore,sstarsmorefc@spiegel.de,5303 Dovetail Way
554,Mord,Duley,mduleyfd@tinyurl.com,7105 Dovetail Crossing
555,Kalli,Hallatt,khallattfe@addthis.com,40643 Northwestern Court
556,Kamila,Sparke,ksparkeff@senate.gov,60024 Michigan Center
557,Hazel,Matevosian,hmatevosianfg@ibm.com,861 Melvin Terrace
558,Erinna,Whybrow,ewhybrowfh@feedburner.com,88 Tennessee Court
559,Chantal,Clewer,cclewerfi@cpanel.net,98 Dakota Place
560,Valdemar,Denne,vdennefj@blog.com,6 Petterle Road
561,Ogdon,Mingus,omingusfk@prnewswire.com,163 Anzinger Crossing
562,Boote,Segges,bseggesfl@usatoday.com,28 Chive Avenue
563,Kitti,Cadding,kcaddingfm@people.com.cn,06534 Morningstar Plaza
564,Annamaria,Banasik,abanasikfn@ow.ly,31098 Almo Pass
565,Violetta,Quernel,vquernelfo@umn.edu,8 Browning Drive
566,Amberly,Bollands,abollandsfp@ca.gov,534 Hoard Pass
567,Ramsay,Hazzard,rhazzardfq@mapquest.com,348 Anthes Center
568,Leupold,Howsego,lhowsegofr@mediafire.com,72298 Hermina Junction
569,Sharyl,Mattioli,smattiolifs@gov.uk,49 Starling Parkway
570,Hertha,Porrett,hporrettft@jimdo.com,10537 Bluejay Plaza
571,Camella,Geratt,cgerattfu@harvard.edu,63865 Pennsylvania Road
572,Shana,Doody,sdoodyfv@1688.com,55 Blue Bill Park Pass
573,Malinde,Piggins,mpigginsfw@tuttocitta.it,0866 Morrow Way
574,Leslie,Toke,ltokefx@washington.edu,9 Autumn Leaf Point
575,Merla,Rilston,mrilstonfy@networksolutions.com,64 Cody Hill
576,Andie,Arunowicz,aarunowiczfz@gmpg.org,210 Maple Wood Way
577,Pascale,Cottrell,pcottrellg0@weebly.com,00 Pearson Alley
578,Colene,Colombier,ccolombierg1@123-reg.co.uk,32199 Susan Plaza
579,Sholom,Quarrie,squarrieg2@youtu.be,80356 Stang Street
580,York,McGaw,ymcgawg3@google.ca,07132 Reinke Drive
581,Brodie,Djekovic,bdjekovicg4@youtube.com,6196 Raven Trail
582,Lisa,Cammock,lcammockg5@creativecommons.org,5 International Center
583,Mei,Penman,mpenmang6@wiley.com,976 Rieder Court
584,Shurlocke,Furbank,sfurbankg7@multiply.com,79 Oak Pass
585,Judah,Kettle,jkettleg8@google.fr,1055 Express Terrace
586,Tobit,Exall,texallg9@census.gov,349 Rusk Street
587,Margareta,Cubbin,mcubbinga@desdev.cn,5710 Basil Avenue
588,Gates,Itzkovich,gitzkovichgb@istockphoto.com,7 Old Gate Hill
589,Dewey,Sarl,dsarlgc@vimeo.com,084 Jana Lane
590,Cirilo,Gynni,cgynnigd@yahoo.com,7183 Shasta Junction
591,Cindelyn,Ciraldo,cciraldoge@homestead.com,23 Sachtjen Junction
592,Godard,Guidera,gguideragf@disqus.com,3 Hoard Road
593,Elfrida,Larratt,elarrattgg@elpais.com,2 Talmadge Pass
594,Umberto,Aldam,ualdamgh@myspace.com,09 Buena Vista Lane
595,Tomaso,Pashen,tpashengi@hatena.ne.jp,3 Melvin Trail
596,Tansy,Drabble,tdrabblegj@example.com,192 Maryland Park
597,Aleece,Baline,abalinegk@springer.com,71989 2nd Avenue
598,Niel,Nanson,nnansongl@craigslist.org,40862 Iowa Parkway
599,Teddie,Raselles,trasellesgm@mapquest.com,5257 Northland Lane
600,Carlynn,Aberkirdo,caberkirdogn@mapy.cz,73 Welch Alley
601,Bunnie,Konneke,bkonnekego@europa.eu,5914 Eggendart Plaza
602,Suzann,Elwill,selwillgp@merriam-webster.com,2 Hanover Road
603,Darill,Gogin,dgogingq@accuweather.com,0 Service Pass
604,Bryant,Hanford,bhanfordgr@yahoo.com,9 Mayer Point
605,Ambur,Olland,aollandgs@tinyurl.com,376 Autumn Leaf Crossing
606,Annabal,Plevin,aplevingt@earthlink.net,0 Killdeer Parkway
607,Karita,Saunter,ksauntergu@tripod.com,9021 Arizona Avenue
608,Sanson,Gyver,sgyvergv@geocities.com,04723 Eastwood Circle
609,Shanon,Shapcott,sshapcottgw@nyu.edu,33956 Continental Place
610,Larina,Paik,lpaikgx@mail.ru,2752 Leroy Road
611,Rosalia,Trustey,rtrusteygy@mozilla.org,48890 Kropf Circle
612,Lucila,Gon,lgongz@jigsy.com,17 Kinsman Lane
613,Steffen,Pinnick,spinnickh0@chronoengine.com,43 Prentice Center
614,Michell,Scaife,mscaifeh1@youku.com,80 Debra Way
615,Starla,Dulson,sdulsonh2@weather.com,4 Oneill Hill
616,Zebulen,Neely,zneelyh3@devhub.com,66053 Sundown Junction
617,Holly,Heskins,hheskinsh4@alibaba.com,36936 Garrison Plaza
618,Jeanelle,Laird,jlairdh5@blogspot.com,43239 Lawn Way
619,Magdalen,Vitall,mvitallh6@businesswire.com,507 Summer Ridge Parkway
620,Elbert,Weagener,eweagenerh7@google.co.jp,21 Thierer Park
621,Venita,Schulken,vschulkenh8@state.gov,16 Anderson Parkway
622,Koenraad,Lansbury,klansburyh9@chronoengine.com,2897 Manitowish Way
623,Patience,Lutton,pluttonha@tuttocitta.it,52205 Maple Wood Alley
624,Kimberlee,Boase,kboasehb@wp.com,5 Cherokee Road
625,Ryann,Bolliver,rbolliverhc@uol.com.br,3 Schmedeman Parkway
626,Bobine,Llewelly,bllewellyhd@mit.edu,80 Logan Park
627,Toby,Vickerman,tvickermanhe@rediff.com,70347 Dovetail Plaza
628,Iain,Corrington,icorringtonhf@who.int,35 Raven Circle
629,Helaine,Lockey,hlockeyhg@nba.com,98303 Mitchell Junction
630,Cornelius,Arnke,carnkehh@php.net,0 Kinsman Place
631,Anallese,Stebbings,astebbingshi@sohu.com,1232 Lakewood Center
632,Judd,Luckwell,jluckwellhj@mapquest.com,11 Lakeland Alley
633,Decca,Hinzer,dhinzerhk@nytimes.com,20317 Prentice Court
634,Dahlia,Eastlake,deastlakehl@yelp.com,3340 Farragut Street
635,Florence,Haresnape,fharesnapehm@sbwire.com,74246 Clemons Avenue
636,Hall,Breen,hbreenhn@e-recht24.de,92 Laurel Drive
637,Meghann,Iffe,miffeho@epa.gov,7 West Circle
638,Harrietta,Hearle,hhearlehp@gravatar.com,86519 Carpenter Street
639,Emerson,Loughead,elougheadhq@yahoo.co.jp,20277 Fordem Crossing
640,Rebekah,Linklater,rlinklaterhr@patch.com,13 Eagle Crest Place
641,Julissa,Bartholin,jbartholinhs@netlog.com,83 Waxwing Circle
642,Clarence,Dawid,cdawidht@cbsnews.com,897 Cambridge Circle
643,Georgie,Bewsey,gbewseyhu@cargocollective.com,4 Oneill Street
644,Mortimer,Girardez,mgirardezhv@amazon.com,056 Morning Point
645,Clint,Ledram,cledramhw@yale.edu,9067 Dottie Street
646,Corette,Fain,cfainhx@reverbnation.com,80 Talisman Terrace
647,Guido,Antonignetti,gantonignettihy@cyberchimps.com,87 Old Gate Alley
648,Ingar,Hounsom,ihounsomhz@blogger.com,88 Springview Circle
649,Eustacia,Lampard,elampardi0@liveinternet.ru,1937 Glacier Hill Street
650,Irita,Trainer,itraineri1@indiatimes.com,2 Doe Crossing Junction
651,Avie,Wickens,awickensi2@usgs.gov,93 Reindahl Court
652,Kyle,Filyukov,kfilyukovi3@addtoany.com,46859 Fieldstone Place
653,Tito,McPhilip,tmcphilipi4@soup.io,77 Pine View Road
654,Cinnamon,Roston,crostoni5@chicagotribune.com,73320 Lindbergh Pass
655,Nessi,Bretherton,nbrethertoni6@mlb.com,2662 7th Junction
656,Fairfax,Gibb,fgibbi7@si.edu,52 Reinke Center
657,Pippy,Necolds,pnecoldsi8@wikipedia.org,814 Pawling Pass
658,Pearle,Normanton,pnormantoni9@google.co.jp,87 Pond Plaza
659,Kissie,Earengey,kearengeyia@dot.gov,9475 Monica Place
660,Karlie,Henrys,khenrysib@msn.com,59 Fremont Trail
661,Lilyan,Djorvic,ldjorvicic@google.ru,874 Monument Road
662,Pia,Millins,pmillinsid@earthlink.net,37 Heath Alley
663,Almira,Canceller,acancellerie@nsw.gov.au,60058 Schmedeman Road
664,Iris,Vogeller,ivogellerif@pagesperso-orange.fr,126 Grover Lane
665,Maggie,Troyes,mtroyesig@diigo.com,7 Center Avenue
666,Claudianus,Abbots,cabbotsih@qq.com,06 Meadow Vale Street
667,Sean,Keedwell,skeedwellii@twitter.com,1474 Sundown Center
668,Aryn,Horstead,ahorsteadij@latimes.com,39 Ridgeway Avenue
669,Isa,Chaffin,ichaffinik@tmall.com,155 La Follette Court
670,Carmita,Melmar,cmelmaril@pen.io,43 Bunting Road
671,Zechariah,Churcher,zchurcherim@google.cn,120 Dexter Junction
672,Albertine,Cesconi,acesconiin@harvard.edu,871 Veith Park
673,Bekki,Meneghelli,bmeneghelliio@quantcast.com,6 Sheridan Crossing
674,Gavra,Buchett,gbuchettip@techcrunch.com,2 Lotheville Court
675,Chicky,McCudden,cmccuddeniq@nbcnews.com,6 Continental Point
676,Kaitlin,Tout,ktoutir@bigcartel.com,98 Talisman Hill
677,Hester,Cuckson,hcucksonis@phoca.cz,7315 Blue Bill Park Parkway
678,Evyn,Pellingar,epellingarit@bandcamp.com,1 Grasskamp Lane
679,Roshelle,Hendrick,rhendrickiu@gmpg.org,00 Westport Hill
680,Ulrikaumeko,Carabet,ucarabetiv@freewebs.com,759 Carioca Drive
681,Trey,Norssister,tnorssisteriw@blogtalkradio.com,49242 Myrtle Pass
682,Sigvard,Hounson,shounsonix@admin.ch,13515 Florence Plaza
683,Corabelle,Scambler,cscambleriy@utexas.edu,59524 Blue Bill Park Center
684,Nedi,Tester,ntesteriz@sitemeter.com,943 Mayfield Circle
685,Clarinda,Greenshields,cgreenshieldsj0@yellowpages.com,4262 Iowa Center
686,Evanne,Werrit,ewerritj1@kickstarter.com,45221 Goodland Terrace
687,Weylin,Denes,wdenesj2@netvibes.com,74403 Vernon Place
688,Leora,Stutte,lstuttej3@instagram.com,8 Roxbury Circle
689,Paddy,Posse,ppossej4@php.net,377 Nevada Alley
690,Emmalee,Gueinn,egueinnj5@ning.com,56119 Vernon Plaza
691,Deanna,Vigers,dvigersj6@buzzfeed.com,04 Dawn Way
692,Max,Shemmin,mshemminj7@cisco.com,5661 Fremont Terrace
693,Erick,Sissland,esisslandj8@miibeian.gov.cn,1 Schiller Place
694,Esmeralda,Swanger,eswangerj9@dedecms.com,46 Montana Trail
695,Trace,Robshaw,trobshawja@answers.com,914 Sherman Court
696,Maximilien,Parmley,mparmleyjb@gizmodo.com,8 Eggendart Court
697,Archibaldo,Mergue,amerguejc@surveymonkey.com,32 Swallow Road
698,Veronique,Puckey,vpuckeyjd@amazon.de,41 Sunnyside Pass
699,Rebeca,Pingston,rpingstonje@yellowbook.com,93 Tennyson Lane
700,Florella,Luckey,fluckeyjf@mapy.cz,0774 5th Court
701,Rafaela,Dunning,rdunningjg@flickr.com,79 Heath Court
702,Ody,Philps,ophilpsjh@youtube.com,0497 Melvin Circle
703,Caren,Dorian,cdorianji@pbs.org,0111 Elka Avenue
704,Sax,Longhi,slonghijj@sphinn.com,7682 Old Gate Terrace
705,Jeffie,Kidd,jkiddjk@freewebs.com,63 Heffernan Parkway
706,Jordan,Broschek,jbroschekjl@nifty.com,6 8th Trail
707,Taryn,Flegg,tfleggjm@rambler.ru,13 Sullivan Pass
708,Allistir,De Francesco,adefrancescojn@ehow.com,5382 Delladonna Pass
709,Frasquito,Landrean,flandreanjo@google.de,0809 Holy Cross Crossing
710,Martyn,Glanvill,mglanvilljp@etsy.com,39 Springview Place
711,Cecily,Kobes,ckobesjq@themeforest.net,878 Straubel Pass
712,Foss,Jacke,fjackejr@multiply.com,0 Barnett Street
713,Lina,Flintoff,lflintoffjs@independent.co.uk,0421 Sommers Terrace
714,Elianore,Busk,ebuskjt@mac.com,22 Talisman Court
715,Marcelia,Petley,mpetleyju@fotki.com,4507 Oakridge Point
716,Phyllis,Bowdrey,pbowdreyjv@dropbox.com,6 Little Fleur Junction
717,Orville,Tireman,otiremanjw@xrea.com,80805 Hintze Hill
718,Lenore,Beaudry,lbeaudryjx@wired.com,89 Dwight Parkway
719,Francisco,Rawll,frawlljy@google.ca,6 Waywood Terrace
720,Breena,Wackett,bwackettjz@ed.gov,09800 Old Shore Court
721,Vinni,Stearne,vstearnek0@google.ca,527 Dottie Way
722,Georgianna,Slessor,gslessork1@hubpages.com,4605 Maywood Court
723,Sheri,Dobson,sdobsonk2@mozilla.com,92620 Ramsey Drive
724,Saleem,Joul,sjoulk3@wikimedia.org,9470 Evergreen Hill
725,Deane,Fadden,dfaddenk4@tumblr.com,35 Express Park
726,Gretel,Simonou,gsimonouk5@omniture.com,43 Dryden Drive
727,Maire,Fearne,mfearnek6@ebay.co.uk,12518 1st Avenue
728,Jada,Mainson,jmainsonk7@gizmodo.com,044 Meadow Vale Avenue
729,Anestassia,Spittall,aspittallk8@digg.com,71573 Scofield Park
730,Payton,Lafaye,plafayek9@mlb.com,374 Sheridan Place
731,Corty,McMickan,cmcmickanka@flickr.com,71 Katie Lane
732,Joycelin,Mackness,jmacknesskb@pen.io,3867 Colorado Lane
733,Kingsly,Sinderland,ksinderlandkc@jalbum.net,13 Sauthoff Lane
734,Garland,Poyntz,gpoyntzkd@google.cn,171 Monterey Lane
735,Allan,Horley,ahorleyke@newyorker.com,5 2nd Place
736,Lorrin,Klimuk,lklimukkf@dropbox.com,22 Warrior Place
737,Delmor,Shadfourth,dshadfourthkg@sitemeter.com,67618 Carberry Crossing
738,Hilliary,Kinsley,hkinsleykh@yandex.ru,6 Kensington Parkway
739,Teresita,Nyssen,tnyssenki@ifeng.com,4 Nova Terrace
740,Umberto,Mill,umillkj@deliciousdays.com,76701 Colorado Park
741,Patrice,Rihanek,prihanekkk@people.com.cn,75 Fulton Court
742,Jaquelin,Pincott,jpincottkl@taobao.com,63703 Crescent Oaks Pass
743,Dione,Allenson,dallensonkm@ezinearticles.com,481 Ridgeview Hill
744,Jo-ann,Guillart,jguillartkn@slashdot.org,89 Anniversary Plaza
745,Sawyer,Sweeting,ssweetingko@alexa.com,971 Dwight Circle
746,Helenka,Trench,htrenchkp@sun.com,74 Lerdahl Trail
747,Ninette,Darrow,ndarrowkq@discuz.net,08 Vernon Center
748,Trever,Vauls,tvaulskr@prnewswire.com,3 Ridgeview Point
749,Lexy,Padgham,lpadghamks@smh.com.au,40 Independence Road
750,Danny,Oldman,doldmankt@tripadvisor.com,731 Claremont Plaza
751,Debera,Comer,dcomerku@umn.edu,220 Clyde Gallagher Parkway
752,Julio,Tregian,jtregiankv@walmart.com,6376 Lien Junction
753,Keriann,Lory,klorykw@hao123.com,7653 Vermont Parkway
754,Michell,Gloucester,mgloucesterkx@businessweek.com,269 Redwing Point
755,Sofie,Beahan,sbeahanky@state.gov,41047 Stang Drive
756,Letitia,Salman,lsalmankz@nydailynews.com,10 Kim Point
757,Lovell,Rickersy,lrickersyl0@fastcompany.com,11 Victoria Drive
758,Vyky,Buckles,vbucklesl1@geocities.com,25 Tennyson Trail
759,Charil,Polson,cpolsonl2@qq.com,6669 Green Ridge Junction
760,Terrijo,Kretschmer,tkretschmerl3@earthlink.net,647 Linden Way
761,Gannon,Collerd,gcollerdl4@ca.gov,65598 Badeau Alley
762,Othella,De Francisci,odefranciscil5@usa.gov,909 Kingsford Place
763,Aubrette,Bartosik,abartosikl6@lycos.com,1752 Sherman Terrace
764,Lamar,Evelyn,levelynl7@fastcompany.com,80 Veith Parkway
765,Duff,Geck,dgeckl8@surveymonkey.com,73541 Waywood Pass
766,Tadio,Glenister,tglenisterl9@stanford.edu,39519 Larry Alley
767,Marsiella,Daskiewicz,mdaskiewiczla@npr.org,8 Vera Circle
768,Felic,Thornton-Dewhirst,fthorntondewhirstlb@apple.com,5 Mallard Place
769,Kathie,Struther,kstrutherlc@oracle.com,5826 Dixon Place
770,Gonzalo,Farmery,gfarmeryld@shop-pro.jp,43 Grim Junction
771,Sidonia,Batterson,sbattersonle@unicef.org,45 Brentwood Trail
772,Fabien,Minter,fminterlf@hatena.ne.jp,21 Ridgeway Circle
773,Tuckie,McCaighey,tmccaigheylg@edublogs.org,4819 Northwestern Point
774,Eldin,Mussard,emussardlh@yellowpages.com,1477 Kropf Junction
775,Julio,Mowett,jmowettli@nature.com,4761 Crowley Alley
776,Katherine,Brinded,kbrindedlj@biglobe.ne.jp,1236 Kennedy Plaza
777,Selena,Stoffels,sstoffelslk@ning.com,16 Sugar Street
778,Gaelan,New,gnewll@comcast.net,5 Lukken Road
779,Malina,Dunnett,mdunnettlm@dmoz.org,84939 Manley Lane
780,Blaire,Caisley,bcaisleyln@slashdot.org,3 Little Fleur Pass
781,Marianna,Pidcock,mpidcocklo@webnode.com,875 Hayes Circle
782,King,Philippet,kphilippetlp@senate.gov,196 Badeau Road
783,Courtnay,Courtman,ccourtmanlq@house.gov,225 Southridge Place
784,Jackie,Maris,jmarislr@go.com,953 Magdeline Plaza
785,Orel,Hort,ohortls@edublogs.org,3474 Mayfield Plaza
786,Rayna,Abrahamian,rabrahamianlt@liveinternet.ru,4107 Oakridge Hill
787,Elspeth,Innocent,einnocentlu@dyndns.org,7853 Gulseth Drive
788,Damita,Jarman,djarmanlv@goo.ne.jp,340 Messerschmidt Crossing
789,Trey,Boner,tbonerlw@canalblog.com,52333 Vermont Court
790,Ambros,Bolver,abolverlx@pen.io,6463 Upham Place
791,Odey,McCulley,omcculleyly@europa.eu,5163 Farwell Plaza
792,Stevy,Boyall,sboyalllz@joomla.org,5 Lotheville Place
793,Aundrea,Benwell,abenwellm0@intel.com,90 Bowman Center
794,Allin,Christoffe,achristoffem1@livejournal.com,9558 Sachs Court
795,Faye,Cronshaw,fcronshawm2@cargocollective.com,08049 Cottonwood Place
796,Shem,Ponter,sponterm3@pen.io,674 Paget Place
797,Burnard,Beldon,bbeldonm4@xing.com,60 Boyd Court
798,Langston,Fowden,lfowdenm5@elpais.com,550 Jana Parkway
799,Burke,Wimlett,bwimlettm6@umn.edu,88 Gina Road
800,Thane,Howitt,thowittm7@amazon.co.jp,99160 North Court
801,Dreddy,Godlonton,dgodlontonm8@w3.org,46 Orin Place
802,Gordon,Thorp,gthorpm9@buzzfeed.com,029 Northridge Hill
803,Alister,Dewitt,adewittma@google.cn,57639 Pawling Junction
804,Fraser,Denyer,fdenyermb@redcross.org,62910 Ridge Oak Crossing
805,Nerta,Cush,ncushmc@google.cn,7709 Sullivan Park
806,Von,Greenlies,vgreenliesmd@soundcloud.com,776 Fuller Junction
807,Devonne,Falks,dfalksme@devhub.com,7380 Carpenter Point
808,Stu,Randlesome,srandlesomemf@ning.com,94 Schiller Alley
809,Stefa,MacDowall,smacdowallmg@webnode.com,65 Derek Lane
810,Lenna,Yakushkin,lyakushkinmh@pcworld.com,182 School Pass
811,Alastair,Kohlert,akohlertmi@g.co,6 Novick Street
812,Danita,Feeham,dfeehammj@nih.gov,29 Pierstorff Alley
813,Tanhya,Cattel,tcattelmk@bloomberg.com,2 Starling Lane
814,Amie,Butterley,abutterleyml@cdc.gov,07066 Summer Ridge Circle
815,Bernadette,Loseke,blosekemm@redcross.org,4217 Ridge Oak Hill
816,Roseline,Scranny,rscrannymn@alexa.com,80627 Nelson Hill
817,Burnard,Maffioni,bmaffionimo@go.com,577 5th Circle
818,Julie,Mason,jmasonmp@google.fr,6072 Hayes Pass
819,Toinette,Sames,tsamesmq@liveinternet.ru,5532 Duke Center
820,Stephi,Payn,spaynmr@furl.net,9 Elmside Street
821,Roze,Longhurst,rlonghurstms@so-net.ne.jp,90 Granby Court
822,Fawnia,Genders,fgendersmt@yandex.ru,2 South Center
823,Cory,King,ckingmu@joomla.org,26 Derek Avenue
824,Krissie,Bentley,kbentleymv@foxnews.com,918 Brickson Park Plaza
825,Umeko,Garlee,ugarleemw@ted.com,48 Hermina Trail
826,Edgar,Oels,eoelsmx@dell.com,95 Reinke Trail
827,Corbie,Rosengarten,crosengartenmy@wikispaces.com,21248 Golf Course Park
828,Millicent,Hekkert,mhekkertmz@quantcast.com,4 Mccormick Point
829,Aubrette,Whitley,awhitleyn0@twitter.com,1 3rd Street
830,Gabbie,Carding,gcardingn1@technorati.com,1809 Dwight Trail
831,Penni,Kinneally,pkinneallyn2@taobao.com,50 Wayridge Circle
832,Guntar,Rudolfer,grudolfern3@moonfruit.com,69 Esker Lane
833,Nikkie,O'Neill,noneilln4@goo.gl,05454 Hauk Pass
834,Mavra,Lamkin,mlamkinn5@delicious.com,0 Bluejay Court
835,Abbey,Pettinger,apettingern6@jimdo.com,388 Novick Point
836,Colette,De Antoni,cdeantonin7@hhs.gov,17 Gina Trail
837,Kerk,Brocklebank,kbrocklebankn8@wiley.com,93 Sauthoff Pass
838,Matt,Amesbury,mamesburyn9@homestead.com,3 Waxwing Pass
839,Ilsa,Eisikowitz,ieisikowitzna@mapquest.com,829 Sachtjen Pass
840,Kiri,Borthram,kborthramnb@fema.gov,89 Dwight Pass
841,Dottie,Carlino,dcarlinonc@multiply.com,54 Longview Place
842,Wilek,Speaks,wspeaksnd@utexas.edu,1 Blue Bill Park Park
843,Giustina,Cregin,gcreginne@163.com,794 Holy Cross Road
844,Charlton,Houdmont,choudmontnf@bravesites.com,11142 Garrison Lane
845,Symon,Adamczewski,sadamczewsking@sakura.ne.jp,6243 Havey Center
846,Rollin,Simionescu,rsimionescunh@census.gov,216 Cardinal Terrace
847,Minne,Speenden,mspeendenni@dot.gov,695 Esker Terrace
848,Wait,Winchurch,wwinchurchnj@exblog.jp,7 8th Hill
849,Leora,Clapp,lclappnk@seesaa.net,73780 Mayer Circle
850,Catlin,McKeller,cmckellernl@sina.com.cn,51 Briar Crest Circle
851,Nert,Althrope,nalthropenm@friendfeed.com,51 Artisan Crossing
852,Jerrine,Daventry,jdaventrynn@github.io,1936 Norway Maple Park
853,Timmy,Kern,tkernno@hc360.com,13877 Stuart Street
854,Elmira,O'Hannigan,eohannigannp@i2i.jp,887 Division Parkway
855,Catharina,Burberye,cburberyenq@angelfire.com,51077 Jenna Junction
856,Andros,Dericut,adericutnr@arizona.edu,92 Schiller Road
857,Selie,Cabel,scabelns@devhub.com,780 Declaration Way
858,Dallas,Dark,ddarknt@admin.ch,8 Prairieview Park
859,Augustine,Spore,asporenu@nps.gov,34050 Mayer Place
860,Joel,Dixon,jdixonnv@xrea.com,4065 Hooker Hill
861,Sheilakathryn,Pachta,spachtanw@woothemes.com,2 Holy Cross Alley
862,Isabelita,Goalby,igoalbynx@unblog.fr,7 Badeau Pass
863,Dodi,Purshouse,dpurshouseny@istockphoto.com,6341 Grayhawk Road
864,Gerrie,Cockhill,gcockhillnz@umn.edu,27148 Vidon Way
865,Jehanna,Oehme,joehmeo0@unc.edu,901 Gerald Terrace
866,Peadar,Pionter,ppiontero1@etsy.com,24 South Drive
867,Xylina,Vynall,xvynallo2@statcounter.com,71 Hintze Place
868,Jerri,O'Fielly,jofiellyo3@flavors.me,70583 Monterey Junction
869,Bernarr,Clemendot,bclemendoto4@sourceforge.net,30983 Donald Point
870,Garvin,Schenfisch,gschenfischo5@clickbank.net,6747 Emmet Pass
871,Sal,Bewick,sbewicko6@about.me,9203 Summer Ridge Way
872,Mabel,McDill,mmcdillo7@time.com,1297 Bellgrove Park
873,Beverie,Finby,bfinbyo8@delicious.com,54196 Waubesa Terrace
874,Billi,Azemar,bazemaro9@quantcast.com,59738 Longview Pass
875,Remington,Morfell,rmorfelloa@forbes.com,818 Cody Circle
876,Paolo,Gurdon,pgurdonob@nasa.gov,9 Meadow Vale Road
877,Brannon,Grimsell,bgrimselloc@mit.edu,79 Waubesa Point
878,Dougy,Sheirlaw,dsheirlawod@google.it,92 Fisk Plaza
879,Kathy,Paal,kpaaloe@yandex.ru,1 Thackeray Point
880,Dorothy,D'Avaux,ddavauxof@blogspot.com,8540 Milwaukee Pass
881,Celle,Maylard,cmaylardog@youku.com,45077 Hudson Street
882,Giustina,Outerbridge,gouterbridgeoh@dion.ne.jp,13 Eliot Junction
883,Merell,Doncaster,mdoncasteroi@nifty.com,0 Muir Court
884,Cordie,Monteath,cmonteathoj@spiegel.de,1 Anniversary Way
885,Christabel,Phelipeau,cphelipeauok@army.mil,573 3rd Drive
886,Quinn,Vian,qvianol@uol.com.br,69 Butterfield Hill
887,Norrie,Milksop,nmilksopom@miitbeian.gov.cn,3 Waxwing Point
888,Meryl,Southward,msouthwardon@google.com.au,0 Westend Hill
889,Nefen,Luquet,nluquetoo@booking.com,25160 Lighthouse Bay Pass
890,Livvy,Charpin,lcharpinop@vk.com,71794 Merry Place
891,Cathleen,Gierke,cgierkeoq@hexun.com,2 Schmedeman Plaza
892,Kellyann,Chetwin,kchetwinor@nba.com,37 Dixon Plaza
893,Geri,Corkish,gcorkishos@typepad.com,81564 Kenwood Circle
894,Theodoric,Binding,tbindingot@desdev.cn,20 Superior Park
895,Rosemary,Bryer,rbryerou@biblegateway.com,6 Moose Point
896,Garnet,Clurow,gclurowov@umich.edu,7764 Veith Terrace
897,Saunder,Carrett,scarrettow@g.co,2 Carpenter Junction
898,Cassius,Mussared,cmussaredox@umn.edu,7919 Springs Terrace
899,Kial,Ducket,kducketoy@indiegogo.com,9416 Di Loreto Crossing
900,Brita,Runham,brunhamoz@bluehost.com,03 Lukken Park
901,Tammy,Hornig,thornigp0@instagram.com,1344 Laurel Parkway
902,Gena,Posse,gpossep1@liveinternet.ru,40 Dahle Circle
903,Amata,Venour,avenourp2@stumbleupon.com,5 Calypso Drive
904,Bamby,Andrus,bandrusp3@trellian.com,18703 Prairieview Hill
905,Eugenie,Burk,eburkp4@people.com.cn,953 Emmet Circle
906,Nichole,Childers,nchildersp5@psu.edu,90 Northland Way
907,Sascha,Burchett,sburchettp6@harvard.edu,68 Meadow Ridge Avenue
908,Andreana,Kingerby,akingerbyp7@pinterest.com,8021 Goodland Lane
909,Birgitta,Spilisy,bspilisyp8@pinterest.com,90341 Clemons Alley
910,Sutherlan,Bond,sbondp9@barnesandnoble.com,96 Columbus Trail
911,Sunny,Skippings,sskippingspa@usa.gov,92754 East Way
912,Werner,O'Drought,wodroughtpb@ovh.net,54864 Monica Point
913,Murdoch,Danielkiewicz,mdanielkiewiczpc@github.com,6712 Ludington Parkway
914,Archibald,Dowrey,adowreypd@liveinternet.ru,556 Surrey Pass
915,Sherye,Curdell,scurdellpe@cbslocal.com,08834 Kenwood Junction
916,Zara,Normandale,znormandalepf@biblegateway.com,378 Burrows Junction
917,Dunstan,Reavell,dreavellpg@wiley.com,470 Burning Wood Park
918,Gallagher,Fransinelli,gfransinelliph@xrea.com,9 Gale Terrace
919,Kitti,Bilsland,kbilslandpi@spiegel.de,5536 American Ash Point
920,Jacklyn,Leason,jleasonpj@photobucket.com,443 Mccormick Junction
921,Luigi,Drayton,ldraytonpk@nytimes.com,7 Glacier Hill Park
922,Fin,Caddie,fcaddiepl@ehow.com,76 Oak Valley Point
923,Nicol,Whyler,nwhylerpm@elpais.com,11 Schiller Drive
924,Maybelle,Posen,mposenpn@state.gov,45 Darwin Drive
925,Liza,Woolley,lwoolleypo@digg.com,5234 Prairieview Trail
926,Isidora,Eldershaw,ieldershawpp@php.net,0139 Donald Parkway
927,Hale,MacFadzean,hmacfadzeanpq@studiopress.com,392 Arizona Hill
928,Merill,Coull,mcoullpr@ning.com,6617 Havey Trail
929,Meggi,Cheyenne,mcheyenneps@cam.ac.uk,5213 Golf View Crossing
930,Deck,Elcox,delcoxpt@bluehost.com,1519 Cascade Plaza
931,Wells,Pembry,wpembrypu@examiner.com,0 Sherman Drive
932,Oralla,Lewsam,olewsampv@accuweather.com,647 Logan Street
933,Marilee,Maldin,mmaldinpw@networksolutions.com,9 Towne Court
934,Carmelle,Cannings,ccanningspx@businesswire.com,136 Pleasure Circle
935,Alain,Cropp,acropppy@cisco.com,4 Moose Way
936,Urson,Reitenbach,ureitenbachpz@rediff.com,6 Roxbury Parkway
937,Rafael,Hearty,rheartyq0@weibo.com,822 Dunning Pass
938,Meggie,Liddicoat,mliddicoatq1@nationalgeographic.com,27783 Clyde Gallagher Park
939,Tedd,Petegrew,tpetegrewq2@163.com,597 Calypso Pass
940,Xenos,Alberts,xalbertsq3@tripod.com,4268 Ridge Oak Junction
941,Charlie,Climie,cclimieq4@uol.com.br,2441 Golden Leaf Circle
942,Gifford,Garms,ggarmsq5@google.com,7 Burning Wood Pass
943,Felizio,Bardwall,fbardwallq6@nifty.com,348 Derek Parkway
944,Kamila,Ferres,kferresq7@nationalgeographic.com,13322 Lake View Place
945,Alphonso,Dorsett,adorsettq8@umn.edu,52620 Village Green Pass
946,Kial,Fisher,kfisherq9@cbc.ca,4 Blackbird Parkway
947,Sean,Cavaney,scavaneyqa@shinystat.com,93557 Springs Alley
948,Aldous,Prowting,aprowtingqb@yahoo.com,122 Anderson Way
949,Vivien,Woffenden,vwoffendenqc@ted.com,69 Harbort Plaza
950,Dwayne,MacLaig,dmaclaigqd@nature.com,67 Debs Pass
951,Ermina,Braine,ebraineqe@360.cn,3 Division Park
952,Art,Latch,alatchqf@geocities.com,63956 Sullivan Street
953,Sonny,Turgoose,sturgooseqg@archive.org,2628 Stone Corner Circle
954,Nettie,Jellicorse,njellicorseqh@liveinternet.ru,09 Blue Bill Park Hill
955,Willie,Di Bartolommeo,wdibartolommeoqi@tamu.edu,646 Fordem Circle
956,Hill,Maydwell,hmaydwellqj@un.org,1 Arizona Lane
957,Perrine,Doody,pdoodyqk@ibm.com,3555 Mosinee Lane
958,Tracy,Ten Broek,ttenbroekql@1und1.de,20 Larry Hill
959,Joane,Savatier,jsavatierqm@sciencedirect.com,3 Schmedeman Pass
960,Phillis,Allewell,pallewellqn@shop-pro.jp,55065 Upham Way
961,Vicky,Barlthrop,vbarlthropqo@bandcamp.com,6 Derek Terrace
962,Alick,Monck,amonckqp@bloomberg.com,3210 Reinke Alley
963,Shelbi,Saben,ssabenqq@dmoz.org,80 Michigan Lane
964,Zita,Gronauer,zgronauerqr@pen.io,149 International Avenue
965,Erie,Rainer,erainerqs@ibm.com,4623 Waxwing Court
966,Horatia,Schwander,hschwanderqt@alexa.com,85 Milwaukee Place
967,Jere,Wetherby,jwetherbyqu@cocolog-nifty.com,7 Village Green Alley
968,Morry,Meran,mmeranqv@goo.gl,18804 Merchant Pass
969,Merrie,MacVanamy,mmacvanamyqw@fotki.com,470 Schlimgen Crossing
970,Donnamarie,Rubega,drubegaqx@hubpages.com,10434 Fulton Terrace
971,Charlot,Hall-Gough,challgoughqy@apache.org,993 Daystar Alley
972,Joey,Jopling,jjoplingqz@netlog.com,0688 Arapahoe Hill
973,Felix,Godden,fgoddenr0@zdnet.com,301 Macpherson Place
974,Melvyn,Ings,mingsr1@unblog.fr,9109 Golf Center
975,Melodie,Golagley,mgolagleyr2@arstechnica.com,0260 Farwell Avenue
976,Brantley,Lamerton,blamertonr3@weibo.com,43 Dahle Road
977,Quintina,Rehn,qrehnr4@topsy.com,0070 Brown Place
978,Mufinella,Heijne,mheijner5@ehow.com,2911 Merrick Trail
979,Sherilyn,Perone,speroner6@xinhuanet.com,86 Arrowood Lane
980,Sasha,Blois,sbloisr7@is.gd,10 Eastwood Terrace
981,Shell,Feehan,sfeehanr8@gizmodo.com,78 Roxbury Trail
982,Shandy,Trumble,strumbler9@macromedia.com,0687 Harbort Court
983,Ethelind,O'Noland,eonolandra@google.ca,45 Elmside Hill
984,Dayna,Gentiry,dgentiryrb@uiuc.edu,29500 Fieldstone Pass
985,Rand,Alldre,ralldrerc@sciencedaily.com,30431 Troy Alley
986,Kris,Kumaar,kkumaarrd@seesaa.net,29 Elmside Trail
987,Meryl,Starton,mstartonre@xing.com,0306 Chinook Way
988,Dorri,O'Fogarty,dofogartyrf@state.tx.us,4955 Harbort Hill
989,Marielle,McComiskie,mmccomiskierg@mayoclinic.com,92 Esch Circle
990,Kordula,Mc Caghan,kmccaghanrh@blog.com,54400 Barby Hill
991,Theadora,Jex,tjexri@archive.org,9872 Autumn Leaf Plaza
992,Lindsay,Ruhben,lruhbenrj@cnbc.com,10804 Granby Point
993,Fay,Coultous,fcoultousrk@patch.com,950 Granby Court
994,Cleve,Duxfield,cduxfieldrl@thetimes.co.uk,95063 Gina Avenue
995,Dredi,Forster,dforsterrm@canalblog.com,357 Grim Trail
996,Winnifred,Rickcord,wrickcordrn@independent.co.uk,0515 Laurel Point
997,Hobart,Ong,hongro@simplemachines.org,19664 Hoffman Park
998,Dredi,Pittle,dpittlerp@cornell.edu,053 Boyd Place
999,Zsa zsa,Baldick,zbaldickrq@hatena.ne.jp,0533 Roth Circle
1000,Marie-jeanne,Silcock,msilcockrr@cam.ac.uk,5 Calypso Avenue
